DANE,Colegio,Sector,PuntajeGlobal
111001100056,COLEGIO JAIME HERNANDO GARZON FORERO (IED),DISTRITAL - CONCESION,74.04
111001100072,COLEGIO SANTIAGO DE LAS ATALAYAS (IED),DISTRITAL - CONCESION,72.08
111001100013,COLEGIO BUENAVISTA (IED),DISTRITAL - CONCESION,71.96
111001029912,COLEGIO JUAN FRANCISCO BERBEO (IED),DISTRITAL,71.29
111001012459,COLEGIO SAN JOSE NORTE (IED),DISTRITAL,70.92
111001109550,COLEGIO RODOLFO LLINAS (IED),DISTRITAL,70.46
111001015776,COLEGIO INSTITUTO TECNICO DISTRITAL JULIO FLOREZ (IED),DISTRITAL,69.21
111001065056,COLEGIO LUIS CARLOS GALAN SARMIENTO (IED),DISTRITAL,69.17
111001010421,COLEGIO JORGE ELIECER GAITAN (IED),DISTRITAL,69.17
111001100021,COLEGIO GIMNASIO SABIO CALDAS (IED),DISTRITAL - CONCESION,68.83
111001026069,COLEGIO TECNICO MENORAH (IED),DISTRITAL,68.83
111001011908,COLEGIO ESCUELA NORMAL SUPERIOR DISTRITAL MARIA MONTESSORI (IED),DISTRITAL,68.71
111001014290,COLEGIO MARSELLA (IED),DISTRITAL,68.75
111001104043,COLEGIO JOSE MARIA VELAZ (IED),DISTRITAL - CONCESION,68.33
111001006122,COLEGIO LA MERCED (IED),DISTRITAL,68.21
111001015806,COLEGIO JORGE GAITAN CORTES (IED),DISTRITAL,67.92
111001100081,COLEGIO MIRAVALLE (IED),DISTRITAL - CONCESION,67.88
111001100064,COLEGIO ARGELIA (IED),DISTRITAL - CONCESION,67.58
111001098965,COLEGIO SANTA LUCIA (IED),DISTRITAL - CONCESION,67.17
111001000612,COLEGIO FEMENINO LORENCITA VILLEGAS DE SANTOS (IED),DISTRITAL,67.21
111001020168,COLEGIO SORRENTO (IED),DISTRITAL,66.63
111001016101,COLEGIO LOS PERIODISTAS (IED),DISTRITAL,66.17
111001017795,COLEGIO MAGDALENA ORTEGA DE NARIÑO (IED),DISTRITAL,66.17
111001000078,COLEGIO DE CULTURA POPULAR (IED),DISTRITAL,66.13
111279000125,COLEGIO VILLEMAR EL CARMEN (IED),DISTRITAL,66.00
111001010740,COLEGIO INSTITUTO TECNICO INDUSTRIAL FRANCISCO JOSE DE CALDAS (IED),DISTRITAL,65.63
111001102083,COLEGIO SAN JOSE DE CASTILLA (IED),DISTRITAL,65.63
111769001502,COLEGIO ANIBAL FERNANDEZ DE SOTO (IED),DISTRITAL,65.58
111001104051,COLEGIO SAN IGNACIO (IED),DISTRITAL - CONCESION,64.96
111001001121,COLEGIO MARCO TULIO FERNANDEZ (IED),DISTRITAL,65.08
111001035521,COLEGIO NESTOR FORERO ALCALA (IED),DISTRITAL,65.04
111001016292,COLEGIO KENNEDY (IED),DISTRITAL,64.83
111001009148,COLEGIO HELADIA MEJIA (IED),DISTRITAL,64.75
111769003114,COLEGIO VISTA BELLA (IED),DISTRITAL,64.63
111265000017,COLEGIO LA PALESTINA (IED),DISTRITAL,64.71
111001016098,COLEGIO ALQUERIA DE LA FRAGUA (IED),DISTRITAL,64.54
111001015458,COLEGIO FLORIDABLANCA (IED),DISTRITAL,64.50
111001009971,COLEGIO REPUBLICA DE COLOMBIA (IED),DISTRITAL,64.50
111001015601,COLEGIO O.E.A. (IED),DISTRITAL,64.38
111001018333,COLEGIO EL RODEO (IED),DISTRITAL,64.21
111001098841,COLEGIO SAN JOSE DE USME (IED),DISTRITAL - CONCESION,64.21
111001014869,COLEGIO LUIS VARGAS TEJADA (IED),DISTRITAL,64.17
111001011819,COLEGIO LICEO FEMENINO MERCEDES NARIÑO (IED),DISTRITAL,64.00
111001001538,COLEGIO NUEVA CONSTITUCION (IED),DISTRITAL,63.92
111001008389,COLEGIO TECNICO DOMINGO FAUSTINO SARMIENTO (IED),DISTRITAL,64.04
111001046299,COLEGIO MANUELA AYALA DE GAITAN (IED),DISTRITAL,64.00
111001012441,COLEGIO MORISCO (IED),DISTRITAL,63.83
111001076767,COLEGIO CASTILLA (IED),DISTRITAL,63.71
111848002662,COLEGIO USAQUEN (IED),DISTRITAL,63.33
111001077917,COLEGIO BRASILIA - USME (IED),DISTRITAL,62.96
111769000956,COLEGIO PRADO VERANIEGO (IED),DISTRITAL,62.96
111001094897,COLEGIO TECNICO PALERMO (IED),DISTRITAL,62.83
111001012602,COLEGIO ATANASIO GIRARDOT (IED),DISTRITAL,62.75
111001098931,COLEGIO TORQUIGUA (IED),DISTRITAL - CONCESION,62.75
111001100030,COLEGIO LA GIRALDA (IED),DISTRITAL - CONCESION,62.54
111001012556,COLEGIO ESPAÑA (IED),DISTRITAL,62.63
111001045535,COLEGIO JOSE MANUEL RESTREPO (IED),DISTRITAL,62.42
111001098892,COLEGIO BELLAVISTA (IED),DISTRITAL - CONCESION,62.46
111001015733,COLEGIO ANTONIO BARAYA (IED),DISTRITAL,62.29
111001106984,COLEGIO GENERAL GUSTAVO ROJAS PINILLA (IED),DISTRITAL,62.38
111001015814,COLEGIO REPUBLICA DE CHINA (IED),DISTRITAL,62.42
111769000174,COLEGIO FILARMONICO SIMON BOLIVAR (IED),DISTRITAL,62.21
111769001871,COLEGIO NUEVA ZELANDIA (IED),DISTRITAL,62.21
111001009652,COLEGIO CENTRO INTEGRAL JOSE MARIA CORDOBA (IED),DISTRITAL,62.00
111001107743,COLEGIO SALUDCOOP NORTE (IED),DISTRITAL,61.96
111001001279,COLEGIO DARIO ECHANDIA (IED),DISTRITAL,61.83
111001011088,COLEGIO REPUBLICA DE PANAMA (IED),DISTRITAL,61.79
111001013935,COLEGIO SANTA MARTHA (IED),DISTRITAL,61.63
111001104281,COLEGIO GABRIEL BETANCOURT MEJIA (IED),DISTRITAL,61.75
111001104272,COLEGIO CARLO FEDERICI (IED),DISTRITAL,61.63
111001028258,COLEGIO RAFAEL BERNAL JIMENEZ (IED),DISTRITAL,61.63
111001098850,COLEGIO CHUNIZA FAMACO (IED),DISTRITAL - CONCESION,61.71
111001014745,COLEGIO ANTONIO JOSE DE SUCRE (IED),DISTRITAL,61.50
111001014176,COLEGIO SAN CRISTOBAL SUR (IED),DISTRITAL,61.67
111001011029,COLEGIO REINO DE HOLANDA (IED),DISTRITAL,61.58
111001010928,COLEGIO RESTREPO MILLAN (IED),DISTRITAL,61.50
111001098949,COLEGIO BILBAO (IED),DISTRITAL - CONCESION,61.54
111001102181,COLEGIO SAN FRANCISCO DE ASIS (IED),DISTRITAL,61.54
111001002330,COLEGIO LA GAITANA (IED),DISTRITAL,61.50
111001044806,COLEGIO FRIEDRICH NAUMANN (IED),DISTRITAL,61.54
111001041459,COLEGIO RICAURTE (CONCEJO) (IED),DISTRITAL,61.42
111001104264,COLEGIO GERARDO MOLINA RAMIREZ (IED),DISTRITAL,61.38
111001104388,COLEGIO GONZALO ARANGO (IED),DISTRITAL,61.33
111001012963,COLEGIO TECNICO BENJAMIN HERRERA (IED),DISTRITAL,61.29
111001000132,COLEGIO AQUILEO PARRA (IED),DISTRITAL,61.38
111001016071,COLEGIO ISABEL II (IED),DISTRITAL,61.25
111001014826,COLEGIO MARCO ANTONIO CARREÑO SILVA (IED),DISTRITAL,61.21
111001098884,COLEGIO LOS NARANJOS (IED),DISTRITAL - CONCESION,61.00
111001013170,COLEGIO SAN RAFAEL (IED),DISTRITAL,61.04
211769003151,COLEGIO NICOLAS BUENAVENTURA (IED),DISTRITAL,61.04
111001035530,COLEGIO JOSE FELIX RESTREPO (IED),DISTRITAL,61.00
111001102172,COLEGIO JULIO GARAVITO ARMERO (IED),DISTRITAL,61.00
111001011274,COLEGIO ANDRES BELLO (IED),DISTRITAL,60.83
111001027308,COLEGIO PROSPERO PINZON (IED),DISTRITAL,60.71
111001108901,COLEGIO CHARRY (IED),DISTRITAL,60.79
111001034045,COLEGIO LA FLORESTA SUR (IED),DISTRITAL,60.75
111001009521,COLEGIO ROBERT F. KENNEDY (IED),DISTRITAL,60.75
111001034002,COLEGIO GUILLERMO LEON VALENCIA (IED),DISTRITAL,60.75
111001107069,COLEGIO VIRGINIA GUTIERREZ DE PINEDA (IED),DISTRITAL,60.71
111001098922,COLEGIO LAS MERCEDES (IED),DISTRITAL - CONCESION,60.33
111279000966,COLEGIO INTEGRADO DE FONTIBON IBEP (IED),DISTRITAL,60.21
111001015172,COLEGIO ALEJANDRO OBREGON (IED),DISTRITAL,60.29
111001010731,COLEGIO MANUELA BELTRAN (IED),DISTRITAL,60.17
111001046957,COLEGIO TOBERIN (IED),DISTRITAL,60.13
111001076376,COLEGIO MARRUECOS Y MOLINOS (IED),DISTRITAL,60.13
111001020320,COLEGIO ISMAEL PERDOMO (IED),DISTRITAL,60.13
111001086614,COLEGIO CHUNIZA (IED),DISTRITAL,60.13
111001102008,COLEGIO JUAN LUIS LONDOÑO (IED),DISTRITAL - CONCESION,60.13
111001094901,COLEGIO MANUEL ELKIN PATARROYO (IED),DISTRITAL,60.17
111001027405,COLEGIO JAIRO ANIBAL NIÑO (CED),DISTRITAL,60.08
111001079154,COLEGIO VILLA RICA (IED),DISTRITAL,60.04
111769003416,COLEGIO JUAN LOZANO Y LOZANO (IED),DISTRITAL,60.08
111001010251,COLEGIO VENECIA (IED),DISTRITAL,60.04
111001010031,COLEGIO CEDID SAN PABLO (IED),DISTRITAL,59.96
111001012483,COLEGIO TABORA (IED),DISTRITAL,59.92
111001030015,COLEGIO ENRIQUE OLAYA HERRERA (IED),DISTRITAL,59.79
111001075515,COLEGIO GUSTAVO MORALES MORALES (IED),DISTRITAL,59.75
111001033898,COLEGIO MANUEL ZAPATA OLIVELLA (IED),DISTRITAL,59.71
111001036781,COLEGIO RODRIGO LARA BONILLA (IED),DISTRITAL,59.75
111001012530,COLEGIO EL JAZMIN (IED),DISTRITAL,59.67
111001024732,COLEGIO INEM FRANCISCO DE PAULA SANTANDER (IED),DISTRITAL,59.83
111265000394,COLEGIO SIMON BOLIVAR (IED),DISTRITAL,59.54
111279000362,COLEGIO COSTA RICA (IED),DISTRITAL,59.58
111001012971,COLEGIO RAFAEL DELGADO SALGUERO (IED),DISTRITAL,59.46
111001107816,COLEGIO CUNDINAMARCA (IED),DISTRITAL,59.58
111001104558,COLEGIO CODEMA (IED),DISTRITAL,59.50
111001014524,COLEGIO RAFAEL URIBE URIBE (IED),DISTRITAL,59.50
111001014630,COLEGIO FRANCISCO DE PAULA SANTANDER (IED),DISTRITAL,59.46
111001107778,COLEGIO SALUDCOOP SUR (IED),DISTRITAL,59.46
111001000124,COLEGIO CARLOS ARANGO VELEZ (IED),DISTRITAL,59.29
111001104256,COLEGIO DELIA ZAPATA OLIVELLA (IED),DISTRITAL,59.33
111001075752,COLEGIO SOTAVENTO (IED),DISTRITAL,59.25
111001032395,COLEGIO REPUBLICA EE.UU DE AMERICA (IED),DISTRITAL,59.17
111001011070,COLEGIO MIGUEL ANTONIO CARO (IED),DISTRITAL,59.29
111001086754,COLEGIO LA CONCEPCION (IED),DISTRITAL,59.17
111001100048,COLEGIO HERNANDO DURAN DUSSAN (IED),DISTRITAL,59.17
111001107883,COLEGIO DEBORA ARANGO PEREZ (IED),DISTRITAL,59.13
111001011045,COLEGIO SILVERIA ESPINOSA DE RENDON (IED),DISTRITAL,59.21
111279001296,COLEGIO ATAHUALPA (IED),DISTRITAL,59.00
111001025020,COLEGIO ALBERTO LLERAS CAMARGO (IED),DISTRITAL,59.04
111001000272,COLEGIO INSTITUTO TECNICO LAUREANO GOMEZ (IED),DISTRITAL,58.92
111001034134,COLEGIO CLEMENCIA DE CAYCEDO (IED),DISTRITAL,59.04
111102000621,COLEGIO FRANCISCO DE PAULA SANTANDER (IED),DISTRITAL,58.83
211850000876,COLEGIO EL DESTINO (IED),DISTRITAL,58.75
111001019526,COLEGIO LICEO NACIONAL ANTONIA SANTOS (IED),DISTRITAL,58.71
111769003122,COLEGIO VILLA ELISA (IED),DISTRITAL,58.83
111001036625,COLEGIO INSTITUTO TECNICO DISTRITAL REPUBLICA DE GUATEMALA (IED),DISTRITAL,58.75
111001025313,COLEGIO LICEO NACIONAL AGUSTIN NIETO CABALLERO (IED),DISTRITAL,58.75
111001098825,COLEGIO SAN VICENTE (IED),DISTRITAL - CONCESION,58.83
111001024830,COLEGIO FRANCISCO PRIMERO S.S. (IED),DISTRITAL,58.63
111001012815,COLEGIO QUIROGA ALIANZA (IED),DISTRITAL,58.63
111001014206,COLEGIO MARCO FIDEL SUAREZ (IED),DISTRITAL,58.42
111001014214,COLEGIO CIUDAD DE BOGOTA (IED),DISTRITAL,58.50
111001009580,COLEGIO INSTITUTO TECNICO JUAN DEL CORRAL (IED),DISTRITAL,58.38
111001086771,COLEGIO INSTITUTO TECNICO RODRIGO DE TRIANA (IED),DISTRITAL,58.46
111265000408,COLEGIO NIDIA QUINTERO DE TURBAY (IED),DISTRITAL,58.29
111001110477,COLEGIO NELSON MANDELA (IED),DISTRITAL,58.25
111001015598,COLEGIO LAS AMERICAS (IED),DISTRITAL,58.29
111001086649,COLEGIO ALFONSO LOPEZ PUMAREJO (IED),DISTRITAL,58.25
111265000025,COLEGIO GENERAL SANTANDER (IED),DISTRITAL,58.25
111769000247,COLEGIO EL SALITRE - SUBA (IED),DISTRITAL,58.21
111001032255,COLEGIO TOMAS CARRASQUILLA (IED),DISTRITAL,58.13
111001013676,COLEGIO NUEVO CHILE (IED),DISTRITAL,58.13
111279000061,COLEGIO ANTONIO VAN UDEN (IED),DISTRITAL,58.00
111001011321,COLEGIO CARLOS ARTURO TORRES (IED),DISTRITAL,57.88
111279000184,COLEGIO LUIS ANGEL ARANGO (IED),DISTRITAL,57.79
111001012343,COLEGIO TOM ADAMS (IED),DISTRITAL,57.88
111001006483,COLEGIO ANTONIO NARIÑO (IED),DISTRITAL,57.92
111001046477,COLEGIO GRANCOLOMBIANO (IED),DISTRITAL,57.79
111001009831,COLEGIO POLICARPA SALAVARRIETA (IED),DISTRITAL,57.88
111001013129,COLEGIO CLASS (IED),DISTRITAL,57.83
111001029114,COLEGIO JACKELINE (IED),DISTRITAL,57.75
111001016136,COLEGIO LA CHUCUA (IED),DISTRITAL,57.67
111001104302,COLEGIO ORLANDO HIGUITA ROJAS (IED),DISTRITAL,57.71
111001107077,COLEGIO VEINTIUN ANGELES (IED),DISTRITAL,57.67
111001011771,COLEGIO JOSE ASUNCION SILVA (IED),DISTRITAL,57.71
111001032409,COLEGIO JORGE SOTO DEL CORRAL (IED),DISTRITAL,57.58
111848002689,COLEGIO DIVINO MAESTRO (IED),DISTRITAL,57.50
111001014591,COLEGIO MANUEL DEL SOCORRO RODRIGUEZ (IED),DISTRITAL,57.58
111102000753,COLEGIO FERNANDO MAZUERA VILLEGAS (IED),DISTRITAL,57.58
111001018384,COLEGIO SAN ISIDRO SUR ORIENTAL (IED),DISTRITAL,57.54
111001014664,COLEGIO EL LIBERTADOR (IED),DISTRITAL,57.54
111769003360,COLEGIO REPUBLICA DOMINICANA (IED),DISTRITAL,57.67
111001033979,COLEGIO GARCES NAVAS (IED),DISTRITAL,57.58
111001107875,COLEGIO CIUDADELA EDUCATIVA DE BOSA (IED),DISTRITAL,57.42
111001014451,COLEGIO JOSE ACEVEDO Y GOMEZ (IED),DISTRITAL,57.29
111102000265,COLEGIO LUIS LOPEZ DE MESA (IED),DISTRITAL,57.25
111001032433,COLEGIO REPUBLICA DEL ECUADOR (IED),DISTRITAL,57.17
111001030848,COLEGIO ARBORIZADORA BAJA (IED),DISTRITAL,57.21
111001108456,COLEGIO TOMAS CIPRIANO DE MOSQUERA (IED),DISTRITAL,57.08
111001027383,COLEGIO ALFREDO IRIARTE (IED),DISTRITAL,57.00
111001018201,COLEGIO RUFINO JOSE CUERVO (IED),DISTRITAL,56.96
211850000931,COLEGIO BRAZUELOS (IED),DISTRITAL,57.04
111001014001,COLEGIO EDUARDO SANTOS (IED),DISTRITAL,56.96
111001014729,COLEGIO JOSE JOAQUIN CASAS (IED),DISTRITAL,56.96
111001102199,COLEGIO PABLO NERUDA (IED),DISTRITAL,57.00
111001098876,COLEGIO LA ESPERANZA (IED),DISTRITAL - CONCESION,56.79
111001075329,COLEGIO MARIA MERCEDES CARRANZA (IED),DISTRITAL,56.83
111001094439,COLEGIO FERNANDO GONZALEZ OCHOA (IED),DISTRITAL,56.83
111001098612,COLEGIO LA ESTRELLITA (IED),DISTRITAL - CONCESION,56.71
111001024660,COLEGIO FERNANDO SOTO APARICIO (IED),DISTRITAL,56.71
111848003031,COLEGIO CRISTOBAL COLON (IED),DISTRITAL,56.67
111001102059,COLEGIO UNION COLOMBIA (IED),DISTRITAL,56.63
111001086789,COLEGIO RAFAEL NUÑEZ (IED),DISTRITAL,56.50
111001015903,COLEGIO MONTEBELLO (IED),DISTRITAL,56.58
111102000281,COLEGIO PABLO DE TARSO (IED),DISTRITAL,56.58
111001030872,COLEGIO ESTANISLAO ZULETA (IED),DISTRITAL,56.42
111001014958,COLEGIO CLEMENCIA HOLGUIN DE URDANETA (IED),DISTRITAL,56.50
111001094889,COLEGIO LA TOSCANA - LISBOA (IED),DISTRITAL,56.54
111001032450,COLEGIO BERNARDO JARAMILLO (IED),DISTRITAL,56.42
111001013161,COLEGIO SAN JOSE (IED),DISTRITAL,56.33
111001027324,COLEGIO FLORENTINO GONZALEZ (IED),DISTRITAL,56.38
111001106950,COLEGIO ALFONSO LOPEZ MICHELSEN (IED),DISTRITAL,56.29
111848003910,COLEGIO GENERAL SANTANDER (IED),DISTRITAL,56.33
111001083011,COLEGIO MIGUEL DE CERVANTES SAAVEDRA (IED),DISTRITAL,56.38
211001076958,COLEGIO VILLAS DEL PROGRESO (IED),DISTRITAL,56.29
111850000740,COLEGIO FRANCISCO ANTONIO ZEA DE USME (IED),DISTRITAL,56.08
111001014109,COLEGIO BRASILIA - BOSA (IED),DISTRITAL,56.21
111001046591,COLEGIO JOSE ANTONIO GALAN (IED),DISTRITAL,56.17
111001013293,COLEGIO NACIONES UNIDAS (IED),DISTRITAL,56.04
111001013153,COLEGIO PAULO VI (IED),DISTRITAL,56.08
111001086720,COLEGIO TECNICO JAIME PARDO LEAL (IED),DISTRITAL,56.00
111001078638,COLEGIO EL VIRREY JOSE SOLIS (IED),DISTRITAL,56.04
111001030066,COLEGIO MANUELITA SAENZ (IED),DISTRITAL,56.00
111001014974,COLEGIO FRANCISCO DE MIRANDA (IED),DISTRITAL,55.96
111001044385,COLEGIO CEDID GUILLERMO CANO ISAZA (IED),DISTRITAL,55.83
111001104337,COLEGIO EDUARDO UMAÑA MENDOZA (IED),DISTRITAL,55.83
111001027332,COLEGIO GUSTAVO RESTREPO (IED),DISTRITAL,55.83
211001027485,COLEGIO EL VERJON (IED),DISTRITAL,55.79
111001107794,COLEGIO MARIA CANO (IED),DISTRITAL,55.75
111001075272,COLEGIO NUEVA COLOMBIA (IED),DISTRITAL,55.75
111001041611,COLEGIO DIANA TURBAY (IED),DISTRITAL,55.67
111001034240,COLEGIO NICOLAS GOMEZ DAVILA (IED),DISTRITAL,55.58
111001086606,COLEGIO LLANO ORIENTAL (IED),DISTRITAL,55.67
111001102075,COLEGIO ENTRE NUBES SUR ORIENTAL (IED),DISTRITAL,55.42
111001046931,COLEGIO ATABANZHA (IED),DISTRITAL,55.58
111850001428,COLEGIO ALMIRANTE PADILLA (IED),DISTRITAL,55.63
111001010839,COLEGIO EXTERNADO NACIONAL CAMILO TORRES (IED),DISTRITAL,55.50
111001012301,COLEGIO SAN JOSE SUR ORIENTAL (IED),DISTRITAL,55.29
111001011690,COLEGIO LA AMISTAD (IED),DISTRITAL,55.42
111001014346,COLEGIO RODRIGO ARENAS BETANCOURT (IED),DISTRITAL,55.38
211850000051,COLEGIO GRAN YOMASA (IED),DISTRITAL,55.38
111001027391,COLEGIO MANUEL CEPEDA VARGAS (IED),DISTRITAL,55.42
111001098817,COLEGIO NUEVA ROMA (IED),DISTRITAL - CONCESION,55.33
111001011053,COLEGIO GUILLERMO LEON VALENCIA (IED),DISTRITAL,55.46
111001014028,COLEGIO REPUBLICA FEDERAL DE ALEMANIA (IED),DISTRITAL,55.17
111001107859,COLEGIO ANTONIO GARCIA (IED),DISTRITAL,55.29
111001018058,COLEGIO ALEXANDER FLEMING (IED),DISTRITAL,55.17
211102000243,COLEGIO EL PORVENIR (IED),DISTRITAL,55.17
111001075736,COLEGIO ISLA DEL SOL (IED),DISTRITAL,55.13
111001020095,COLEGIO MISAEL PASTRANA BORRERO (IED),DISTRITAL,55.04
111279000168,COLEGIO INSTITUTO TECNICO INTERNACIONAL (IED),DISTRITAL,54.96
111265000343,COLEGIO ANTONIO VILLAVICENCIO (IED),DISTRITAL,54.92
111001045225,COLEGIO TIBABUYES UNIVERSAL (IED),DISTRITAL,54.92
211850000787,COLEGIO TENERIFE - GRANADA SUR (IED),DISTRITAL,54.96
111001028266,COLEGIO CIUDAD DE MONTREAL (IED),DISTRITAL,54.92
111001104299,COLEGIO ALFONSO REYES ECHANDIA (IED),DISTRITAL,54.75
111001076937,COLEGIO SAN FRANCISCO (IED),DISTRITAL,54.79
111001086801,COLEGIO CEDID CIUDAD BOLIVAR (IED),DISTRITAL,54.79
111001013102,COLEGIO SAN PEDRO CLAVER (IED),DISTRITAL,54.67
111001030830,COLEGIO UNION EUROPEA (IED),DISTRITAL,54.54
111001012360,COLEGIO EL JAPON (IED),DISTRITAL,54.67
111001029955,COLEGIO AGUSTIN FERNANDEZ (IED),DISTRITAL,54.54
111001096555,COLEGIO CIUDAD BOLIVAR - ARGENTINA (IED),DISTRITAL,54.46
111001076201,COLEGIO DIEGO MONTAÑA CUELLAR (IED),DISTRITAL,54.46
111001086681,COLEGIO NUEVO HORIZONTE (IED),DISTRITAL,54.54
111001092410,COLEGIO LA ESTANCIA - SAN ISIDRO LABRADOR (IED),DISTRITAL,54.46
111001107832,COLEGIO GERMAN ARCINIEGAS (IED),DISTRITAL,54.46
111001018341,COLEGIO FRANCISCO JAVIER MATIZ (IED),DISTRITAL,54.38
111001026964,COLEGIO JOHN F. KENNEDY (IED),DISTRITAL,54.38
111001013811,COLEGIO SAN AGUSTIN (IED),DISTRITAL,54.25
111769004188,COLEGIO HUNZA (IED),DISTRITAL,54.08
111001019411,COLEGIO INEM SANTIAGO PEREZ (IED),DISTRITAL,54.17
211001094832,COLEGIO CIUDAD DE VILLAVICENCIO (IED),DISTRITAL,54.00
111001044270,COLEGIO LOS COMUNEROS - OSWALDO GUAYAZAMIN (IED),DISTRITAL,54.04
111001098973,COLEGIO LA JOYA (IED),DISTRITAL,53.96
111102000958,COLEGIO PORFIRIO BARBA JACOB (IED),DISTRITAL,53.92
111001093084,COLEGIO ALVARO GOMEZ HURTADO (IED),DISTRITAL,53.79
111001012271,COLEGIO RAFAEL URIBE URIBE (IED),DISTRITAL,53.79
111001012335,COLEGIO JUANA ESCOBAR (IED),DISTRITAL,53.79
111001014168,COLEGIO ALTAMIRA SUR ORIENTAL (IED),DISTRITAL,53.79
211102000201,COLEGIO SAN BERNARDINO (IED),DISTRITAL,53.71
111001030821,COLEGIO SANTA BARBARA (IED),DISTRITAL,53.71
111001018309,COLEGIO ATENAS (IED),DISTRITAL,53.67
111001102091,COLEGIO COLOMBIA VIVA (IED),DISTRITAL,53.75
111001086631,COLEGIO SAN BENITO ABAD (IED),DISTRITAL,53.63
111001036765,COLEGIO JOSE MARTI (IED),DISTRITAL,53.58
111001016039,COLEGIO ORLANDO FALS BORDA (IED),DISTRITAL,53.63
211850001481,COLEGIO FABIO LOZANO SIMONELLI (IED),DISTRITAL,53.50
111001018368,COLEGIO LA VICTORIA (IED),DISTRITAL,53.42
111001045730,COLEGIO EL PARAISO DE MANUELA BELTRAN (IED),DISTRITAL,53.50
111001107760,COLEGIO PAULO FREIRE (IED),DISTRITAL,53.42
111001098906,COLEGIO EDUARDO UMAÑA LUNA (IED),DISTRITAL,53.25
111001098833,COLEGIO SAN CAYETANO (IED),DISTRITAL,53.17
111001027251,COLEGIO LEON DE GREIFF (IED),DISTRITAL,53.08
111001102121,COLEGIO VILLAMAR (IED),DISTRITAL,52.96
111001047571,COLEGIO ARBORIZADORA ALTA (IED),DISTRITAL,53.04
111001012611,COLEGIO BRAVO PAEZ (IED),DISTRITAL,53.00
111001013820,COLEGIO SANTA LIBRADA (IED),DISTRITAL,52.88
111001104329,COLEGIO CARLOS PIZARRO LEON GOMEZ (IED),DISTRITAL,52.88
111001025216,COLEGIO VILLA AMALIA (IED),DISTRITAL,52.67
111001077895,COLEGIO OFELIA URIBE DE ACOSTA (IED),DISTRITAL,52.71
211102000995,COLEGIO BOSANOVA (IED),DISTRITAL,52.71
111001002909,COLEGIO CARLOS ALBAN HOLGUIN (IED),DISTRITAL,52.50
111001018325,COLEGIO JOSE JOAQUIN CASTRO MARTINEZ (IED),DISTRITAL,52.63
111001032280,COLEGIO TECNICO TOMAS RUEDA VARGAS (IED),DISTRITAL,52.54
111001024686,COLEGIO MORALBA SURORIENTAL (IED),DISTRITAL,52.63
111850001461,COLEGIO LOS TEJARES (IED),DISTRITAL,52.63
111001030856,COLEGIO PANAMERICANO (IED),DISTRITAL,52.54
111001102164,COLEGIO EL MINUTO DE BUENOS AIRES (IED),DISTRITAL,52.46
111001035572,COLEGIO ACACIA II (IED),DISTRITAL,52.46
211001076346,COLEGIO CAMPESTRE JAIME GARZON (IED),DISTRITAL,52.46
111001086665,COLEGIO RAMON DE ZUBIRIA (IED),DISTRITAL,52.33
211850001473,COLEGIO GIMNASIO DEL CAMPO JUAN DE LA CRUZ VARELA (IED),DISTRITAL,52.33
111001045705,COLEGIO LA AURORA (IED),DISTRITAL,52.33
211850001171,COLEGIO RURAL QUIBA ALTA (IED),DISTRITAL,52.33
111001046485,COLEGIO NUEVO SAN ANDRES DE LOS ALTOS (IED),DISTRITAL,52.25
111001065234,COLEGIO USMINIA (IED),DISTRITAL,52.17
111001047678,COLEGIO PARAISO MIRADOR (IED),DISTRITAL,52.13
111001075957,COLEGIO SAN CARLOS (IED),DISTRITAL,52.17
211001032501,COLEGIO GABRIEL GARCIA MARQUEZ (IED),DISTRITAL,52.21
111001018252,COLEGIO JOSE MARIA CARBONELL (IED),DISTRITAL,52.00
111001016250,COLEGIO REPUBLICA BOLIVARIANA DE VENEZUELA (IED),DISTRITAL,51.88
111001046621,COLEGIO NUEVA DELHI (IED),DISTRITAL,51.88
111001012033,COLEGIO VEINTE DE JULIO (IED),DISTRITAL,51.75
111001016314,COLEGIO SIMON RODRIGUEZ (IED),DISTRITAL,51.54
211850001121,COLEGIO RURAL PASQUILLA (IED),DISTRITAL,51.46
111001041556,COLEGIO PROVINCIA DE QUEBEC (IED),DISTRITAL,51.58
111850001380,COLEGIO EL CORTIJO - VIANEY (IED),DISTRITAL,51.50
111001013374,COLEGIO ESCUELA NACIONAL DE COMERCIO (IED),DISTRITAL,51.33
111001047457,COLEGIO LA ARABIA (IED),DISTRITAL,51.33
111001086835,COLEGIO SIERRA MORENA (IED),DISTRITAL,51.08
111001106968,COLEGIO JOSE FRANCISCO SOCARRAS (IED),DISTRITAL,51.08
111001015911,COLEGIO LOS ALPES (IED),DISTRITAL,51.00
111001030864,COLEGIO ALEMANIA UNIFICADA (IED),DISTRITAL,50.92
111001016004,COLEGIO LA BELLEZA LOS LIBERTADORES (IED),DISTRITAL,50.71
111001075663,COLEGIO ESTRELLA DEL SUR (IED),DISTRITAL,50.79
111001014486,COLEGIO REPUBLICA DE MEXICO (IED),DISTRITAL,50.54
111001036561,COLEGIO JOSE JAIME ROJAS (IED),DISTRITAL,50.38
111001107867,COLEGIO KIMI PERNIA DOMICO (IED),DISTRITAL,50.17
111001035602,COLEGIO JUAN EVANGELISTA GOMEZ (IED),DISTRITAL,50.25
111001102105,COLEGIO CONFEDERACION BRISAS DEL DIAMANTE (IED),DISTRITAL,50.13
111850001576,COLEGIO FEDERICO GARCIA LORCA (IED),DISTRITAL,49.96
111001109304,COLEGIO FANNY MIKEY (IED),DISTRITAL,49.79
111001034665,COLEGIO SAN MARTIN DE PORRES (IED),DISTRITAL,49.58
111001034011,COLEGIO JUAN REY (IED),DISTRITAL,49.42
111001102130,COLEGIO COMPARTIR RECUERDO (IED),DISTRITAL,49.38
211850001317,COLEGIO RURAL JOSE CELESTINO MUTIS (IED),DISTRITAL,49.33
311001075034,COLEGIO CANADA (IED),DISTRITAL,49.13
111001024643,COLEGIO NUEVA ESPERANZA (IED),DISTRITAL,48.63
311001026441,COLEGIO LOS PINOS (IED),DISTRITAL,48.46
111001102156,COLEGIO CAMPESTRE MONTE VERDE (IED),DISTRITAL,48.00
111769003424,COLEGIO GERARDO PAREDES (IED),DISTRITAL,47.71
111001102067,COLEGIO AULAS COLOMBIANAS SAN LUIS (IED),DISTRITAL,47.21
111001036544,COLEGIO ANTONIO JOSE URIBE (IED),DISTRITAL,47.08
111001098868,COLEGIO LUIS EDUARDO MORA OSEJO (IED),DISTRITAL,46.96
211850000981,COLEGIO EL UVAL (IED),DISTRITAL,46.96
111001107115,COLEGIO JOSE MARIA VARGAS VILA (IED),DISTRITAL,46.50
111001102148,COLEGIO INTEGRADA LA CANDELARIA (IED),DISTRITAL,45.29
111001102113,COLEGIO EL TESORO DE LA CUMBRE (IED),DISTRITAL,44.58
211850000736,COLEGIO RURAL LA ARGENTINA (CED),DISTRITAL,76.31
111001012475,COLEGIO AGUAS CLARAS (IED),DISTRITAL,66.44
111001078930,COLEGIO LA PAZ (CED),DISTRITAL,65.00
111001011011,COLEGIO INSTITUTO TECNICO INDUSTRIAL PILOTO (IED),DISTRITAL,62.50
111001104183,COLEGIO LEONARDO POSADA PEDRAZA (IED),DISTRITAL,61.75
111001012246,COLEGIO PANTALEON GAITAN PEREZ (CED),DISTRITAL,61.00
111001041599,COLEGIO MOTORISTA (CED),DISTRITAL,58.19
211850001180,COLEGIO MOCHUELO ALTO (CED),DISTRITAL,55.00
111001028380,COLEGIO PALERMO SUR (IED),DISTRITAL,51.63
211850001007,COLEGIO RURAL LA MAYORIA (CED),DISTRITAL,43.75
111001011975,COLEGIO GRAN COLOMBIA (IED),DISTRITAL,43.31
111001010910,COLEGIO NACIONAL NICOLAS ESGUERRA (IED),DISTRITAL,64.88
111001086690,COLEGIO EL MANANTIAL (CED),DISTRITAL,45.63
211850000108,COLEGIO RURAL OLARTE (CED),DISTRITAL,40.50